ID,USERNAME,FIRSTNAME,LASTNAME,EMAIL,PASSWORD,PHONE,USERSTATUS
16906,sbeinke0,Stacia,Beinke,sbeinke0@naver.com,6H37SVeoptpS,8936890866,0
632,fthunnerclef1,Flory,Thunnerclef,fthunnerclef1@vkontakte.ru,60CYTLIClB,8041480034,0
6,rirlam2,Rozanne,Irlam,rirlam2@go.com,tx2hjfDs,4477764943,0
12,cswash3,Celina,Swash,cswash3@liveinternet.ru,J1WMasbrYIW,9713688343,0
51543,lgrieger4,Lisle,Grieger,lgrieger4@geocities.jp,mnVJJ9,9886272107,0
4,tbullene5,Tam,Bullene,tbullene5@dropbox.com,DSA4wtK6VRo,6485212377,0
82,kswansbury6,Kinna,Swansbury,kswansbury6@archive.org,Av1XmUfbAjOI,6295231780,0
70,emorican7,Ewan,Morican,emorican7@ed.gov,mQh03Sro,8452818153,0
67,krushman8,Kordula,Rushman,krushman8@people.com.cn,KtxJCbizYaT,8892799531,0
63655,rstoile9,Raeann,Stoile,rstoile9@mashable.com,CwCvq07T,4175281805,0
507,melgeea,Martelle,Elgee,melgeea@hibu.com,oF7WUh,8652092314,0
502,abingellb,Ambrosius,Bingell,abingellb@aol.com,nJrcfeQpKihn,3844973571,0
5186,dguiderac,Damien,Guidera,dguiderac@ycombinator.com,rbm4tnoygh,5008968500,0
946,zmeeced,Zaneta,Meece,zmeeced@telegraph.co.uk,4RmnT0s,8881297106,0
01083,ascotfurthe,Adrianna,Scotfurth,ascotfurthe@macromedia.com,zGyeM8QmN,6465405858,0
96,lmcgivenf,Leonhard,McGiven,lmcgivenf@harvard.edu,lswZyaYLiYPN,4911332967,0
26,hpercevalg,Hewe,Perceval,hpercevalg@nhs.uk,6UQfyl71jcH,8516029548,0
8286,sseckomh,Silvester,Seckom,sseckomh@who.int,ssXoaPGST,9235139607,0
465,amalpassi,Arin,Malpass,amalpassi@cargocollective.com,KieCW0TJxij,3579413297,0
5,bgerishj,Benjamin,Gerish,bgerishj@reference.com,aGCrDkhrWBw,6559497497,0
58,mpeevork,Malcolm,Peevor,mpeevork@sogou.com,zuS2GD,5947640832,0
207,rdominicil,Regen,Dominici,rdominicil@ucoz.ru,TPbY7L,1415565291,0
720,eyarrm,Emilie,Yarr,eyarrm@prweb.com,xuLD7JZYFk,2288069855,0
4,rborsayn,Russ,Borsay,rborsayn@sohu.com,bLy9FiCpjR,7684265073,0
91272,ndanslowo,Nichole,Danslow,ndanslowo@google.com.hk,rTcbPV,6033110424,0
52790,egrammerp,Edvard,Grammer,egrammerp@telegraph.co.uk,pw711UyM,3239366544,0
2,egatissq,Enrico,Gatiss,egatissq@csmonitor.com,LxY9lL061dGS,1786294743,0
4,urossor,Udell,Rosso,urossor@hugedomains.com,k5O28f4H,1721915349,0
59926,oivattss,Olva,Ivatts,oivattss@dagondesign.com,2fXgdRf,1719692500,0
624,vginleyt,Vina,Ginley,vginleyt@about.com,WfTdlnoA6,8845999667,0
43079,lminthorpeu,Levin,Minthorpe,lminthorpeu@ebay.com,QloF3zb,1448384298,0
98,acardnov,Abel,Cardno,acardnov@sciencedaily.com,IcwrocOWXruZ,5821209299,0
6,fspridgenw,Freedman,Spridgen,fspridgenw@digg.com,FrGgaWdJ,4005300286,0
92567,nspowardx,Nickola,Spoward,nspowardx@mapy.cz,PiSdMHOzJ,1248805232,0
605,mvanmerwey,Miguelita,Van Merwe,mvanmerwey@youtube.com,lxWhGpdyREaf,8235203913,0
439,rfeatherstonhalghz,Rozele,Featherstonhalgh,rfeatherstonhalghz@sohu.com,ZWDQfIYWSX9,2807460729,0
16,rbernardeau10,Rori,Bernardeau,rbernardeau10@ehow.com,kCDi14ZND9p,8495681535,0
2363,khancke11,Kali,Hancke,khancke11@360.cn,ulDeuCuVC,4404243547,0
0778,mbohey12,Mikey,Bohey,mbohey12@jugem.jp,RXovfN4tE4,9942522338,0
7646,kcorroyer13,Krishnah,Corroyer,kcorroyer13@barnesandnoble.com,MsnR7x1,5058978526,0
56,sbeazleigh14,Sadye,Beazleigh,sbeazleigh14@rambler.ru,BzZL2K6RD,2071447784,0
8,cchant15,Chelsy,Chant,cchant15@github.com,HahmkYeo3,9166471345,0
2391,mgiffard16,Marni,Giffard,mgiffard16@forbes.com,fZeH9pE,2346377510,0
77,mgrodden17,Matthus,Grodden,mgrodden17@prlog.org,Rd8WqGe,3941316365,0
0,ldassindale18,Lucias,Dassindale,ldassindale18@is.gd,exCnohdCEL,5894890224,0
40,avanlint19,Aliza,Vanlint,avanlint19@msn.com,q3unwaN,4957304167,0
21,edeal1a,Errol,Deal,edeal1a@cdc.gov,OJIAHjlzgFC,8352454777,0
0,jcurrer1b,Jo,Currer,jcurrer1b@odnoklassniki.ru,4berKfy0,7567165379,0
761,fhaste1c,Filip,Haste,fhaste1c@surveymonkey.com,QvEkNQa,2489169317,0
0,radolfson1d,Rees,Adolfson,radolfson1d@edublogs.org,LGb7d59Sc,3027860882,0
01920,scomben1e,Shandy,Comben,scomben1e@elpais.com,IAyoWXl,5884374873,0
3737,rjecks1f,Rockey,Jecks,rjecks1f@mysql.com,wFh6juv2Z,2666641777,0
92344,smoreno1g,Sharlene,Moreno,smoreno1g@devhub.com,DG6mRYm9Q,5625360416,0
479,cnorquay1h,Clevie,Norquay,cnorquay1h@nhs.uk,o5tjy8CMNY,9458107048,0
6922,dcampana1i,Dominik,Campana,dcampana1i@jalbum.net,V50wyF,6485721709,0
720,pbickell1j,Parrnell,Bickell,pbickell1j@imageshack.us,HopJ5p,5385955469,0
920,rferrelli1k,Randall,Ferrelli,rferrelli1k@sohu.com,6cankSS9iPYw,3796006820,0
6975,tjerrolt1l,Tommie,Jerrolt,tjerrolt1l@ycombinator.com,eZyAC6N,1801058769,0
944,fchamley1m,Francklyn,Chamley,fchamley1m@narod.ru,7VTzWTm,5969775432,0
544,jfoss1n,Jonas,Foss,jfoss1n@ed.gov,tUw7ct8G,5106513259,0
75983,boylett1o,Britt,Oylett,boylett1o@samsung.com,dSW96GulA,4425681892,0
33,pdouty1p,Pauli,Douty,pdouty1p@patch.com,9azFJWDR5eDG,1105462133,0
602,cadao1q,Caren,Adao,cadao1q@pinterest.com,NxUdll805Yg,7406547679,0
21,dcarse1r,Darla,Carse,dcarse1r@multiply.com,ScamiAZ,3226829442,0
15,wmitrovic1s,Wallache,Mitrovic,wmitrovic1s@illinois.edu,cMb5fLj,2802300816,0
2008,gclemont1t,Georgeanna,Clemont,gclemont1t@twitpic.com,ltapz1K,8022029669,0
97,fege1u,Florry,Ege,fege1u@google.fr,O5FDDlQ0,3382433625,0
95,gclemmow1v,Garth,Clemmow,gclemmow1v@engadget.com,xkeXxj,8224141925,0
523,mhessentaler1w,Mannie,Hessentaler,mhessentaler1w@reuters.com,gvPoaymCUH6D,5662809197,0
6304,tyushankin1x,Terrijo,Yushankin,tyushankin1x@w3.org,h4bCLLRPLYs,2801125940,0
5,kreggiani1y,Kary,Reggiani,kreggiani1y@elegantthemes.com,CWVFUUbV2W,9988895561,0
6802,agayden1z,Ambrose,Gayden,agayden1z@pagesperso-orange.fr,dxpjVxhLtRpt,8048804493,0
764,swincer20,Sharlene,Wincer,swincer20@purevolume.com,MKJ3es,7899955298,0
08,vlaurencot21,Vittorio,Laurencot,vlaurencot21@yahoo.com,y206F3T,5124853858,0
18,gmillier22,Griffie,Millier,gmillier22@prnewswire.com,21hGvv1JXuZU,1159917351,0
05,mcaneo23,Malvina,Caneo,mcaneo23@dion.ne.jp,Ofnl6nbDNAO,1341769497,0
0574,dgagan24,Dode,Gagan,dgagan24@ucoz.com,7U3LdVVmKI,5798160931,0
27396,jroskruge25,Jeannine,Roskruge,jroskruge25@edublogs.org,8O6tBJ,8136359874,0
5731,blindholm26,Butch,Lindholm,blindholm26@netvibes.com,ASYEsq2Td,1626830581,0
8,pgaylard27,Phillipe,Gaylard,pgaylard27@fda.gov,6vIX2d,7443978972,0
2,rchevalier28,Reube,Chevalier,rchevalier28@feedburner.com,VUrxWyGYIvr,7287438620,0
48471,kmackartan29,Kitty,MacKartan,kmackartan29@goo.ne.jp,kqTguf4oL,8168711279,0
72369,dbolver2a,Davon,Bolver,dbolver2a@howstuffworks.com,E4U56tt,4632446470,0
02,wsussems2b,Westley,Sussems,wsussems2b@abc.net.au,hrqZEG,5696900320,0
01,bsynnott2c,Blair,Synnott,bsynnott2c@cmu.edu,3n0SEV7HnXaN,7394726742,0
920,ppaver2d,Prince,Paver,ppaver2d@cisco.com,OYeiQtEpT,9655585272,0
717,blafont2e,Burg,Lafont,blafont2e@privacy.gov.au,S6DmQbS,7903242713,0
4,kmenis2f,Krystal,Menis,kmenis2f@cornell.edu,NSS6dEM80l,6932823684,0
54,okenyon2g,Orin,Kenyon,okenyon2g@tamu.edu,DkEj1mhq,4074636171,0
7651,gdjurdjevic2h,Georgette,Djurdjevic,gdjurdjevic2h@google.ca,DQwXDsZzv,6783811489,0
9490,bvanderstraaten2i,Bobbee,Van Der Straaten,bvanderstraaten2i@irs.gov,mKuB0G9,9733480183,0
8094,cdomoney2j,Cob,Domoney,cdomoney2j@opensource.org,MByasiM8o,3523481401,0
0,rstaveley2k,Romain,Staveley,rstaveley2k@bing.com,Bz0mPv0mGo,3545078702,0
431,dscothorn2l,Dionisio,Scothorn,dscothorn2l@com.com,VW0atWob,3359507441,0
9709,tcregan2m,Tobiah,Cregan,tcregan2m@tripadvisor.com,myULSO,7255827695,0
9,vgrzelczak2n,Vinny,Grzelczak,vgrzelczak2n@i2i.jp,QfEuRgR,3428254299,0
871,bmckinn2o,Betteann,McKinn,bmckinn2o@illinois.edu,ZENdJgj,1476719955,0
5796,meltone2p,Marge,Eltone,meltone2p@chron.com,QuPnIIXh,3059809529,0
19513,flicari2q,Filip,Licari,flicari2q@github.com,R7o1me,4593921251,0
2,mtregear2r,Mercy,Tregear,mtregear2r@instagram.com,vrZdh2HlN,4712150185,0
